,log_time_taken,log_cs_byte,log_ratio_trans_receive,log_count_connect_IP,log_count_total_connect,log_avg_count_connect,log_transmit_speed_BPS,Business.time,no_url,target,epoch,d_loss,g_loss,Destination,Destination Port,Destination_ip_port,Filter,LABEL
0,0.49667177,0.22599,0.62929887,0.2817012,0.5219932,0.9996667,0.38333213,0,0.9941559,0.06342092,49,-0.012481808,0.074133828,255.255.255.255,1,255.255.255.255:1,1,ssh
1,0.62575936,0.33521312,0.5327351,0.951154,0.48133582,0.9996006,0.48039767,0,0.99974775,0.11923829,49,-0.02326229,-0.006177505,255.255.255.255,1,255.255.255.255:1,1,ssh
2,0.32623777,0.1515815,0.15575898,0.1696499,0.5416429,0.9988848,0.5363025,0,0.99875647,0.020187706,49,-0.017590029,-0.051499084,255.255.255.255,1,255.255.255.255:1,1,ssh
3,0.82421494,0.46468547,0.6300452,0.9617376,0.7134088,0.99985164,0.37654513,0,0.9999864,0.012199611,49,-0.01677046,-0.033172291,255.255.255.255,1,255.255.255.255:1,1,ssh
4,0.94976085,0.36675572,0.6456716,0.8486052,0.868565,0.9987658,0.35167953,0,0.99887085,0.03564465,49,-0.010651106,0.085319929,255.255.255.255,1,255.255.255.255:1,1,ssh
5,0.20343934,0.2896515,0.79034996,0.915003,0.000519663,0.99999255,0.22334561,1,0.9975891,0.079420626,49,-0.010651106,0.085319929,255.255.255.255,1,255.255.255.255:1,1,ssh
6,1,0.23771316,0.9361478,0.76572293,0.99999994,0.99978507,0.056192696,0,0.99998474,0.030332297,49,-0.010943765,-0.096379608,255.255.255.255,1,255.255.255.255:1,1,ssh
7,0.71617985,0.2992006,0.9999999,0.9246361,0.5715014,0.99998546,0,1,0.998703,0.019035965,49,-0.010943765,-0.096379608,255.255.255.255,1,255.255.255.255:1,1,ssh
8,0.8828425,0.57950675,0.60679185,0.9106585,0.7436348,0.9974941,0.6042154,0,0.99980164,0,49,-0.011670936,0.071419716,255.255.255.255,1,255.255.255.255:1,1,ssh
9,0.7658315,0.4974617,0.74071884,0.9515962,0.5878184,0.97864425,0.20865178,0,0.9978728,0.031100482,49,-0.03327328,-0.043634474,255.255.255.255,1,255.255.255.255:1,1,ssh
10,0.2393462,0.52452826,0.39012218,0.00307396,0.5257422,0,0.6596572,0,1,0.03430772,49,-3.74E-05,0.044239797,255.255.255.255,1,255.255.255.255:1,1,ssh
11,0.30839702,0.70351696,0.5089043,0.01053762,0.4455784,0.9977545,0.6377442,0,0.9999733,0.010457307,49,-0.013853244,-0.051129982,255.255.255.255,1,255.255.255.255:1,1,ssh
12,0.9733072,0.17916411,0.7444434,0.9577833,0.84597826,0.99952394,0.25649473,0,0.9999978,0.19958442,49,-0.012755306,0.010820901,255.255.255.255,1,255.255.255.255:1,1,ssh
13,0.8870875,0.28649688,0.6393435,0.91808826,0.7864007,0.9995106,0.41927242,0,0.9997091,0.014569193,49,-0.03239869,0.081767961,255.255.255.255,1,255.255.255.255:1,1,ssh
14,0.79322374,0.4173528,0.6244453,0.9674921,0.6001963,0.99926585,0.30874994,0,0.9999196,0.07448518,49,-0.006350749,0.092732266,255.255.255.255,1,255.255.255.255:1,1,ssh
15,0.36306372,0.19582427,0.5899062,0.87983537,0.06773175,0.9999377,0.2947022,1,0.9999252,0.07372826,49,-0.006350749,0.092732266,255.255.255.255,1,255.255.255.255:1,1,ssh
16,0.31420034,1,0.37131026,0.8853505,0.33102283,0.9999645,0.9266703,0.99999994,0.9998857,0.21780682,49,-0.012437162,0.096124724,255.255.255.255,1,255.255.255.255:1,1,ssh
17,0.7965028,0.025496453,0.63004136,1,0.49184313,0,0.2456446,0,1,0.024863929,49,-0.012437162,0.096124724,255.255.255.255,1,255.255.255.255:1,1,ssh
18,0.13193205,0,0.48896652,0.11178414,0.22718307,0,0.24305502,0,1,0.24693958,49,-0.068115681,0.073550113,255.255.255.255,1,255.255.255.255:1,1,ssh
19,0.46775037,0.51684964,0.5485736,0.9281228,0.27612332,0.9999852,0.42797258,1,0.999971,0.21860091,49,-0.02383806,0.005595883,255.255.255.255,1,255.255.255.255:1,1,ssh
20,0.35844475,0.020735204,0.68340635,0.8053855,0.21984053,0.9999606,0.19191325,1,0.9998734,0.09112179,49,-0.030527391,0.094584353,255.255.255.255,1,255.255.255.255:1,1,ssh
21,0.070910096,0.10343599,0.69508636,0.6337524,0,0.9999946,0.19614685,0.9927317,0.9999306,0.08597836,49,-0.030527391,0.094584353,255.255.255.255,1,255.255.255.255:1,1,ssh
22,0.774995,0.2890749,0.39295518,0.95883495,0.60307896,0.9989869,0.60783505,0,0.9999856,0.111344725,49,-0.030527391,0.094584353,255.255.255.255,1,255.255.255.255:1,1,ssh
23,0.76571363,0.54614466,0.78982675,0.9955254,0.632135,0.99977165,0.27289414,0,0.9999936,0.01729402,49,-0.014332952,0.053570569,255.255.255.255,1,255.255.255.255:1,1,ssh
24,0.18830065,0,0.77184176,0.9633429,0,0.9999625,0.08834243,1.0000001,0.99999493,0.00581342,49,-0.014332952,0.053570569,255.255.255.255,1,255.255.255.255:1,1,ssh
25,0.17056137,0.037074327,0.45124847,0.6739506,0.017683687,0.9995157,0.4288671,0.99999994,0.99969816,0.04455805,49,-0.006518594,-0.079672925,255.255.255.255,1,255.255.255.255:1,1,ssh
26,0.49498895,0.5322027,0,0.8128551,0.3860076,0.998564,0.99999994,0,0.99887705,0.0174011,49,-0.006518594,-0.079672925,255.255.255.255,1,255.255.255.255:1,1,ssh
27,0.77900636,1,0.107913435,0.95818883,0.65428954,0.9979809,1,0,0.9916458,0,49,-0.001514307,0.085493833,255.255.255.255,1,255.255.255.255:1,1,ssh
28,0.9741434,0.29013705,0.60248566,0.9638798,0.8429901,0.99897444,0.257799,0,0.9999018,0.025571972,49,-0.018222023,-0.092541583,255.255.255.255,1,255.255.255.255:1,1,ssh
29,0.9235568,0.31502646,0.81273353,0.9879433,0.74207026,0.9995265,0.19448578,0,0.9998131,0.030498683,49,-0.001421708,0.061712958,255.255.255.255,1,255.255.255.255:1,1,ssh
30,0.9870248,0.041671664,0.8889003,0.8288192,1,0.9999219,0.018532455,1,0.9999999,0.1139622,74,-0.025545107,0.065490484,255.255.255.255,1,255.255.255.255:1,1,ssh
31,0.61862844,0.36589,0.65778697,0.50298506,0.6393951,0.9992181,0.2728312,0,0.99996793,0.10971987,74,-0.025545107,0.065490484,255.255.255.255,1,255.255.255.255:1,1,ssh
32,0.90308213,0.3571335,0.4872278,0.9848929,0.7329575,0.9995653,0.45058864,0,0.99995553,0.009535551,74,-0.012748079,-0.00781399,255.255.255.255,1,255.255.255.255:1,1,ssh
33,0.8187224,0.4680275,0.7629156,0.9133102,0.6877862,0.99982333,0.1616222,1,0.99938965,0,74,-0.02098391,0.004128819,255.255.255.255,1,255.255.255.255:1,1,ssh
34,0.55450815,0.7728907,0.5496079,0.8800098,0.41129196,0.9988549,0.51432705,0,0.9920654,0.021906674,74,-0.02098391,0.004128819,255.255.255.255,1,255.255.255.255:1,1,ssh
35,0.9062189,0.2001031,0.5908263,0.9445797,0.82219464,0.999732,0.2628395,0,0.9999612,0.017390221,74,0.010931433,-0.047597494,255.255.255.255,1,255.255.255.255:1,1,ssh
36,0.8322079,0.47235444,0,0.9714963,0.6754762,0.9996802,1,0,0.99992657,0.02004084,74,-0.046998911,-0.005575784,255.255.255.255,1,255.255.255.255:1,1,ssh
37,0.8054017,0.4505911,0.5732151,0.93660355,0.60301685,0.9999149,0.5304552,0,0.9989624,0.047861606,74,-0.005826657,-0.044938881,255.255.255.255,1,255.255.255.255:1,1,ssh
38,0.5299502,0.016043425,0.910784,0.91023767,0.21666509,0.9999563,0,0.9999999,0.9999899,0.097783595,74,-0.004450678,0.096673615,255.255.255.255,1,255.255.255.255:1,1,ssh
39,0.9554265,0.35941195,0.34123123,0.9322542,0.86580575,0.9998599,0.43734497,0,0.9999787,0.10013342,74,-0.004450678,0.096673615,255.255.255.255,1,255.255.255.255:1,1,ssh
40,0.5646751,1,0,0.7488257,0.3816066,0.9999188,0.99999994,0,0.9999802,0,74,-0.028654337,0.094238535,255.255.255.255,1,255.255.255.255:1,1,ssh
41,0.32493487,0.5108944,0.5391108,0.033264656,0.44287458,0.9962372,0.3853291,0,0.99264145,0.08056733,74,-0.023880439,0.009224016,255.255.255.255,1,255.255.255.255:1,1,ssh
42,0.41464463,0.80632854,0.43698215,0.22119884,0.6111194,0.9997634,0.66188496,0,0.99984646,0.044502854,74,-0.03324084,-0.026967276,255.255.255.255,1,255.255.255.255:1,1,ssh
43,0.6740714,0.2595122,0.44509935,0.9418981,0.4764032,0.9995538,0.33793512,0,0.99855614,0.11693451,74,0.017486827,-0.04079885,255.255.255.255,1,255.255.255.255:1,1,ssh
44,0.9671563,0.2786678,0.9455547,1,0.8152757,0.010137353,0.024213403,0.99999994,1,0.15309587,74,0.000664576,0.074443534,255.255.255.255,1,255.255.255.255:1,1,ssh
45,0.92941725,0.24847299,0.7523094,0.93102807,0.80557233,0.9999166,0.21253785,0,0.9973602,0.14439914,74,0.000664576,0.074443534,255.255.255.255,1,255.255.255.255:1,1,ssh
46,0.94731015,0.1460335,0.6920873,0.95570683,0.86125326,0.97726536,0.17927378,0,0.9997041,0.115051955,74,-0.014293162,-0.039991986,255.255.255.255,1,255.255.255.255:1,1,ssh
47,0.24908637,0.3853252,0.70888746,0.009490568,0.36483094,0.9995535,0.3217871,0.005523443,0.9999034,0.098748684,74,-0.036674023,-0.099875085,255.255.255.255,1,255.255.255.255:1,1,ssh
48,0.8814107,0.35864055,0.7067374,0.99591786,0.73923403,0.9997725,0.29870692,0,0.9999816,0.08154738,74,-0.036674023,-0.099875085,255.255.255.255,1,255.255.255.255:1,1,ssh
49,0.64524245,0.35176373,0.7241765,0.8136997,0.5543838,0.99974805,0.26512685,0,0.99887085,0.107468635,74,0.000230288,-0.058211923,255.255.255.255,1,255.255.255.255:1,1,ssh
50,0.62585217,0.30254197,0.5345495,0.99453306,0.42414975,0.9985135,0.5029955,0,0.99981475,0.023375481,74,5.46E-05,-0.041370664,255.255.255.255,1,255.255.255.255:1,1,ssh
51,0.6688727,0.49182528,0.53976846,0.8476617,0.60526705,0.999841,0.48100263,0,0.99994695,0.094118804,74,-0.015464444,0.02405384,255.255.255.255,1,255.255.255.255:1,1,ssh
52,0.34729326,0.13926932,0.41204822,0.67260265,0.30052283,0.9986437,0.2528371,0,0.9998801,0.20769337,74,-0.002713298,0.090452008,255.255.255.255,1,255.255.255.255:1,1,ssh
53,0.38671404,1,0.033098817,0.8883795,0.16094899,0.99992675,1,1,0.9999964,0,74,-0.002713298,0.090452008,255.255.255.255,1,255.255.255.255:1,1,ssh
54,0.5616506,0.19715792,0.36697268,0.9551872,0.39269152,0.99741364,0.50208193,0.99613386,0,0.022505432,74,0.002454272,-0.008002124,255.255.255.255,1,255.255.255.255:1,1,ssh
55,0.39460433,0.43592054,0.04158783,0.89143384,0.1819978,0.99900067,0.99999994,0,0.9996701,0,74,-0.016183821,-0.013162399,255.255.255.255,1,255.255.255.255:1,1,ssh
56,0.85449016,0.8691392,0.84530205,0.9895602,0.73135686,0.9993302,0.19919607,0,0.99601746,0.019990444,74,-0.018041151,0.070937529,255.255.255.255,1,255.255.255.255:1,1,ssh
57,0.6241592,0.49960494,0,0.88830763,0.44868207,0.9998644,1,0,0.9926605,0,74,0.006518049,0.076689973,255.255.255.255,1,255.255.255.255:1,1,ssh
58,0.81862587,0.272559,0.71225387,0.9814764,0.62717074,0.9999094,0.30919874,0,0.99974823,0.06447554,74,-0.001546262,0.025254183,255.255.255.255,1,255.255.255.255:1,1,ssh
59,0.7457037,0.6345678,0,0.9295187,0.5679053,1,0.803457,0,0.9999009,0.113464236,74,-0.021671038,0.080371961,255.255.255.255,1,255.255.255.255:1,1,ssh
60,0.72062105,0.047832757,0.79819286,0.99489367,0.49209368,0.9996514,0.11298184,1,0.99972934,0.14194927,74,-0.021671038,0.080371961,255.255.255.255,1,255.255.255.255:1,1,ssh
61,0.8548243,0.46482027,0.53028405,0.9916893,0.6852405,0.9995708,0.5017724,0,0.9998994,0.02226901,74,-0.04367929,-0.061374556,255.255.255.255,1,255.255.255.255:1,1,ssh
62,0.8329167,0.3971979,0,0.93563455,0.7192243,0.99962825,1,0,0.99460983,0,74,-0.028046381,-0.075322196,255.255.255.255,1,255.255.255.255:1,1,ssh
63,0.8403945,0.21511644,0.6107743,0.95072013,0.72018516,0.9995832,0.4082668,0,0.99995697,0.071923345,74,-4.65E-06,0.098712087,255.255.255.255,1,255.255.255.255:1,1,ssh
64,1,0.5347128,1,0.8044682,1,0.9997518,0,1,0.99995613,0,74,0.007692108,0.041391734,255.255.255.255,1,255.255.255.255:1,1,ssh
65,0.6555574,0.022402525,0.5748639,0.96344954,0.420678,0.9999013,0.17445368,1,0.99882793,0.17184734,74,-0.047712758,0.051109809,255.255.255.255,1,255.255.255.255:1,1,ssh
66,0.8199525,0.29492018,0.40746236,0.9365458,0.65674216,0.99976647,0.34362596,0,0.99957085,0.16531473,74,-0.047712758,0.051109809,255.255.255.255,1,255.255.255.255:1,1,ssh
67,0.96012354,0.3555572,0.86596465,0.88796437,0.91095734,0.99699676,0.15243736,0,0.9999931,0.124385655,74,-0.032510366,0.066911757,255.255.255.255,1,255.255.255.255:1,1,ssh
68,0.4192643,0.08320844,0.45430732,0.86293703,0.3146421,0.99989206,0.28908858,1,0.99993277,0.1391322,74,-0.032510366,0.066911757,255.255.255.255,1,255.255.255.255:1,1,ssh
69,0.6062385,0.81343985,0,0.23596293,0.7834116,0.9999683,0.99999994,0,0.99886703,0.044147015,74,-0.001863431,0.054332457,255.255.255.255,1,255.255.255.255:1,1,ssh
70,0.82144165,0.16125834,0.7377274,0.95155156,0.6559788,0.9999896,0.2668264,1.0000001,0.999218,0.029954225,74,-0.001863431,0.054332457,255.255.255.255,1,255.255.255.255:1,1,ssh
71,0.7370752,0.15163627,0.46559334,0.9086069,0.58401847,0.99964726,0.30244243,0,0.9997028,0.22203675,74,0.009309124,0.062108129,255.255.255.255,1,255.255.255.255:1,1,ssh
72,0.6876532,1,0,0.94543344,0.47323233,0.99892706,1,0,0.999978,0,74,0.023144003,0.077114739,255.255.255.255,1,255.255.255.255:1,1,ssh
73,0.75432545,0.24800467,0.69786596,0.97162575,0.55087775,0.99970955,0.2787916,0,0.99998796,0.09767136,99,-0.024569646,0.070923269,255.255.255.255,1,255.255.255.255:1,1,ssh
74,0.95902157,0.24588561,0.5484371,0.9232367,0.8810758,0.99959487,0.3577084,0.009071335,0.9997196,0.01005429,99,-0.017473185,0.019757226,255.255.255.255,1,255.255.255.255:1,1,ssh
75,0.24843319,0.17596114,0.62645745,0.29823944,0.21437797,0.9999102,0.29508495,0,0.9996929,0.02679798,99,-0.017473185,0.019757226,255.255.255.255,1,255.255.255.255:1,1,ssh
76,0.41038334,0.31236988,0.4491859,0.021634763,0.67651224,0.9994017,0.4233088,0,0.9998317,0.21814606,99,-0.018832373,0.0195072,255.255.255.255,1,255.255.255.255:1,1,ssh
77,0.23151667,0.31548065,0.83448523,0.99999994,0,0.99991244,0.09268968,1,0.9999869,0.23506922,99,-0.018832373,0.0195072,255.255.255.255,1,255.255.255.255:1,1,ssh
78,0.06152591,0.16379976,0.6602621,0.4994354,0,0.99992037,0.39169094,0,0.9999915,0.011382699,99,0.006297512,-0.077027582,255.255.255.255,1,255.255.255.255:1,1,ssh
79,0.22924542,0.38115346,0.5907983,0.002906018,0.3749057,0.99924105,0.35675582,0,0.9996443,0.08944154,99,-0.018034466,-0.013163036,255.255.255.255,1,255.255.255.255:1,1,ssh
80,0.58845925,0.23022163,0.52973366,0.9873026,0.47282296,0.9997459,0.3778572,0,0.9970169,0.016765416,99,-0.03251233,-0.087055542,255.255.255.255,1,255.255.255.255:1,1,ssh
81,0.9578359,0.5470238,0.4264573,0.8545511,0.89946467,0.99990565,0.4867754,0,0.9999628,0.052216083,99,0.019983256,-0.00191606,255.255.255.255,1,255.255.255.255:1,1,ssh
82,0.5863936,0.39026475,0.27594852,0.5420696,0.56461954,0.9999001,0.6882926,0.99999994,0.99999154,0.07667115,99,0.019983256,-0.00191606,255.255.255.255,1,255.255.255.255:1,1,ssh
83,0.52502674,0.19584537,0.3579765,0.97005534,0.284433,0.9971428,0.5315821,1.0000001,0.9999553,0.001957059,99,-0.005177462,-0.050876603,255.255.255.255,1,255.255.255.255:1,1,ssh
84,0.18798338,0.22560549,0.49412733,0,0.35002038,0.9797001,0.41499332,0,0.99978864,0.014355212,99,-0.005177462,-0.050876603,255.255.255.255,1,255.255.255.255:1,1,ssh
85,0.34336543,0.10063946,0.63108486,0.69672257,0.18670583,0.9957161,0.30482933,0.99694073,0.99998176,0.004966229,99,-0.005177462,-0.050876603,255.255.255.255,1,255.255.255.255:1,1,ssh
86,0.4095694,0.28035998,0.6228472,0.27986768,0.43805593,0.99985844,0.42790684,0,0.9999786,0.023383647,99,0.008594561,-0.086464576,255.255.255.255,1,255.255.255.255:1,1,ssh
87,0.65204656,0.32715178,0.631251,0.61719275,0.57264036,0.999891,0.40686557,0,0.9999844,0.010585398,99,-0.003775851,-0.076093309,255.255.255.255,1,255.255.255.255:1,1,ssh
88,0.99999994,0.14715624,0.9999999,0.7638955,1,0.999965,0,1,1,0.020295441,99,-0.003775851,-0.076093309,255.255.255.255,1,255.255.255.255:1,1,ssh
89,0.65420735,0.29583538,0.5585176,0.9586733,0.40423962,0.9992754,0.4504158,0,0.9997517,0.014271647,99,-0.01284439,-0.006529196,255.255.255.255,1,255.255.255.255:1,1,ssh
90,0.59033173,0.2846343,0.5211991,0.34490854,0.7153915,0.9995687,0.485271,0,0.9999437,0.01810053,99,-0.039934576,0.046300665,255.255.255.255,1,255.255.255.255:1,1,ssh
91,0.07908951,0.53058934,0.4078014,0.5152332,0.056912407,0.999984,0.68557286,1,0.99975586,0.005996615,99,-0.024880264,-0.004148839,255.255.255.255,1,255.255.255.255:1,1,ssh
92,0.9709178,0.44851428,0.23702365,0.9077188,0.8897764,0.9995885,0.65951073,0,0.9999818,0.11025402,99,0.019535577,0.065106079,255.255.255.255,1,255.255.255.255:1,1,ssh
93,0.093155116,0.22550297,0.70216477,0.25598118,0.19902886,0.9999307,0.15841687,0,0.99823,0.05513841,99,-0.009377296,0.039535597,255.255.255.255,1,255.255.255.255:1,1,ssh
94,0.408471,1,0,0.8165938,0.27503383,0.9999996,1,1,1,0,99,0.018531037,0.004283307,255.255.255.255,1,255.255.255.255:1,1,ssh
95,0.8954643,0.36213684,0.5622932,0.9503285,0.76510465,0.99979025,0.34796354,0,0.99121094,0.032478094,99,-0.003438795,-0.006933058,255.255.255.255,1,255.255.255.255:1,1,ssh
96,0.57448226,0.38883495,0,0.9316631,0.31414866,0.99987024,0.75309664,0,0.9995041,0.03754455,99,-0.013222324,-0.021562977,255.255.255.255,1,255.255.255.255:1,1,ssh
97,0.46324283,0.19797099,0.64442766,0.004392095,0.6534203,0.9996023,0.26164007,0,0.9924469,0.18712516,99,0.004454801,0.035018671,255.255.255.255,1,255.255.255.255:1,1,ssh
98,0.95204985,0.37186468,0.57865477,0.98381865,0.8439631,0.99980175,0.4597237,1,0.99814224,0.030771673,99,-0.013888857,0.088917129,255.255.255.255,1,255.255.255.255:1,1,ssh
99,0.42321137,0.4891256,0.15775609,0.013174874,0.55883265,0.99918306,0.8908057,0,0.9964142,0.037469268,99,-0.013888857,0.088917129,255.255.255.255,1,255.255.255.255:1,1,ssh
100,0,0.4624288,0.08471036,0.32313696,0,0.999959,0.62909985,0.9999999,0.99853516,0.24047123,99,-0.001194007,0.03478628,255.255.255.255,1,255.255.255.255:1,1,ssh
101,1,0.34480768,1,0.822001,0.99999994,0.99089813,0,0.9938278,1,0.14162353,99,-0.069347985,0.046001751,255.255.255.255,1,255.255.255.255:1,1,ssh
102,0.40735206,0.25857693,0.6188085,0.36654234,0.3814845,0.99986684,0.35145938,0,0.9999455,0.006939411,99,-0.035756174,0.012496835,255.255.255.255,1,255.255.255.255:1,1,ssh
103,0.12664792,0.99999994,0.36754063,0.32664424,0,0.9999944,1,1,1,0,99,0.005824257,0.019450493,255.255.255.255,1,255.255.255.255:1,1,ssh
104,0.8755427,0.2226417,0.705102,0.9835348,0.75386953,0.9999015,0.21734089,0,0.999568,0.07702941,99,-0.037562653,-0.082324281,255.255.255.255,1,255.255.255.255:1,1,ssh
105,0.63332164,0.17345977,0.8106522,0.9686665,0.44422624,0.9998285,0.14644426,0,0.9998853,0.15430683,99,-0.048256528,-0.037351258,255.255.255.255,1,255.255.255.255:1,1,ssh
106,0.99999994,0.29674613,1,0.7291945,1.0000001,0.99991906,0,1,0.9999771,0.08509454,99,0.001735144,0.094923966,255.255.255.255,1,255.255.255.255:1,1,ssh
107,0.6858101,0.43712765,0.68368816,0.8730467,0.5378101,0.99986523,0.2306583,0,0.9996767,0.19375165,99,-0.004015735,0.008280772,255.255.255.255,1,255.255.255.255:1,1,ssh
108,0.46655935,0.39677316,0.8648231,0.9951313,0.17689055,0.99996203,0.107991815,1,0.9998193,0.19489814,99,-0.004015735,0.008280772,255.255.255.255,1,255.255.255.255:1,1,ssh
109,0.8902556,0.3204866,0.6856787,0.83299667,0.8307536,0.9999251,0.29409385,0,0.9999842,0.02449581,124,-0.005794712,-0.013415747,255.255.255.255,1,255.255.255.255:1,1,ssh
110,0.8712203,0.16978091,0.6993287,0.8870105,0.79673696,0.999954,0.2341614,0,0.9941559,0.19201323,124,-0.035055976,-0.08548639,255.255.255.255,1,255.255.255.255:1,1,ssh
111,0.8264558,0.027987003,0.9178961,0.95136034,0.7194577,0.9999756,0.06611547,1,0.998291,0.15561858,124,-0.02184852,0.007337618,255.255.255.255,1,255.255.255.255:1,1,ssh
112,0.7925727,0.021998167,0.91501254,0.88358647,0.71291417,0.9999458,0.06563267,0.9919119,0.9953613,0.1500774,124,-0.02184852,0.007337618,255.255.255.255,1,255.255.255.255:1,1,ssh
113,0.37456906,0.124664664,0.6983495,0.84572935,0.13597833,0.99988174,0.21506554,0.99999994,0.99990773,0.043556154,124,-0.0285696,0.097211704,255.255.255.255,1,255.255.255.255:1,1,ssh
114,0.98918355,0.90859497,0,0.8057475,0.98685175,0.99974,1,0,0.9999919,0.034921348,124,-0.0285696,0.097211704,255.255.255.255,1,255.255.255.255:1,1,ssh
115,0.5122649,0.17248058,0.718969,0.4961327,0.55525905,0.9991273,0.23085374,0,0.99981,0.010914922,124,-0.017438026,-0.008637987,255.255.255.255,1,255.255.255.255:1,1,ssh
116,0.6941271,0.309016,0.5409545,0.77825665,0.55191296,0.99974746,0.43700048,0,0.99945164,0.044751137,124,-0.008828621,-0.076462187,255.255.255.255,1,255.255.255.255:1,1,ssh
117,0.5674387,0.22091275,0.6470284,0.41771293,0.59383625,0.99941206,0.28727525,0,0.9998496,0.09807965,124,-0.024046848,0.07140056,255.255.255.255,1,255.255.255.255:1,1,ssh
118,0.57019895,0.11674768,0.782183,0.908751,0.34095034,0.9997791,0.13750172,1,0.9999431,0.097791046,124,-0.024046848,0.07140056,255.255.255.255,1,255.255.255.255:1,1,ssh
119,0.76034224,0.48914766,0.5969349,0.8872005,0.6487671,0.9998753,0.32902896,0,0.996933,0.1425786,124,-0.024738625,-0.000287515,255.255.255.255,1,255.255.255.255:1,1,ssh
120,0.38509357,0.3623954,0.6134052,0.24030477,0.50465053,0.9998339,0.42129707,0,0.9999058,0.005758882,124,-0.034101889,-0.088384375,255.255.255.255,1,255.255.255.255:1,1,ssh
121,0,0.5359694,0.70603037,0.020470964,0.11389634,0.9994281,0.40883115,0,0.99999595,0.020610988,124,-0.007290614,-0.082992464,255.255.255.255,1,255.255.255.255:1,1,ssh
122,0.9073533,0.40910143,0.47152698,0.7790708,0.8603985,0.9999233,0.45165175,0,0.9995804,0.014954805,124,0.001538009,-0.064241089,255.255.255.255,1,255.255.255.255:1,1,ssh
123,0.2313458,0.2522087,0.755029,0.49658677,0.34111324,0.99914324,0.27162772,0,0.9998854,0.020853996,124,-0.00970112,0.000304296,255.255.255.255,1,255.255.255.255:1,1,ssh
124,0.07125929,0.62110543,0.36545277,0.2963422,0.100253075,0.99986064,0.6992518,0,0.9921875,0,124,-0.012600658,0.037767805,255.255.255.255,1,255.255.255.255:1,1,ssh
125,0.92841405,0.35409135,0.616194,0.93221813,0.8297046,0.9999107,0.44394624,0.007591635,0.9972229,0.014021367,124,-0.026006732,0.076189056,255.255.255.255,1,255.255.255.255:1,1,ssh
126,0.84593415,0.32112104,0.36087084,0.9361709,0.7025828,0.99985504,0.65027463,0,0.99710083,0.009643197,124,-0.026006732,0.076189056,255.255.255.255,1,255.255.255.255:1,1,ssh
127,0.52827805,0.25703877,0.48074102,0.38019648,0.5322129,0.99978316,0.5047852,0.000324786,0.9937439,0.016447932,124,-0.026006732,0.076189056,255.255.255.255,1,255.255.255.255:1,1,ssh
128,0.41617763,0.23761415,0.5391636,0.4417825,0.3712211,0.99975324,0.45072496,0,0.9999644,0.051451832,124,-0.018625936,0.07224796,255.255.255.255,1,255.255.255.255:1,1,ssh
129,0.50679827,0.6261871,0.66293406,0.7450786,0.41557866,0.9998481,0.4195724,0,0.99716187,0.022155315,124,0.000837486,0.061710238,255.255.255.255,1,255.255.255.255:1,1,ssh
130,0.5618971,0.3996966,0.56125987,0.2405495,0.7061571,0.9998009,0.44302058,0,0.99424744,0.056467593,124,-0.014124416,0.059643779,255.255.255.255,1,255.255.255.255:1,1,ssh
131,0.32610226,0.24441409,0.46276748,0.331324,0.28979266,0.9997668,0.3814604,0,0.9994774,0.018226951,124,0.008192648,0.025008116,255.255.255.255,1,255.255.255.255:1,1,ssh
132,0.74846786,0.45485246,0.7502623,0.9004162,0.6050087,0.9999461,0.2643319,0,0.9965515,0.13358718,124,-0.053052258,-0.093255475,255.255.255.255,1,255.255.255.255:1,1,ssh
133,0.06455511,1,0,0.015106997,0.18450165,0.9370804,0.99999994,1,0.999979,0,124,-0.047563922,-0.078077242,255.255.255.255,1,255.255.255.255:1,1,ssh
134,0.6146257,0.41100907,0.7127796,0.32217512,0.69768226,0.99974835,0.26766014,0,0.999527,0.11509013,124,-0.021737555,-0.055422805,255.255.255.255,1,255.255.255.255:1,1,ssh
135,0.06851664,0.020824075,0.75183946,0.029396217,0.09278986,0.9997885,0.1759497,1.0000001,0.9996109,0.12081751,124,-0.021737555,-0.055422805,255.255.255.255,1,255.255.255.255:1,1,ssh
136,0.5413829,0.36052036,0.783686,0.64600295,0.49512684,0.99961793,0.23513615,0,0.99994045,0.05431068,124,-0.023065856,-0.066778436,255.255.255.255,1,255.255.255.255:1,1,ssh
137,0.97456527,0.39515042,0.2825029,0.8153171,0.96331906,0.9997554,0.5057175,0,0.99993914,0.005833954,124,-0.018488305,0.091502011,255.255.255.255,1,255.255.255.255:1,1,ssh
138,1,0,0.99999976,0.80948323,1,0.99988407,0,0.99999994,0.99998957,0.01579678,124,-0.018488305,0.091502011,255.255.255.255,1,255.255.255.255:1,1,ssh
139,0.36119747,1,0,0.71120805,0.15211761,0.9999977,1,1.0000001,1,0,124,0.002963531,-0.083740622,255.255.255.255,1,255.255.255.255:1,1,ssh
140,0.7333249,1,0,0.82510555,0.63934225,0.9999877,1,0.9999999,1,0,124,-0.027460141,-0.095376708,255.255.255.255,1,255.255.255.255:1,1,ssh
141,0.2126253,0.37131703,0.6048403,0.003366724,0.47981504,0.99912083,0.40418297,0,0.99916124,0.024181604,124,-0.000313934,-0.025927978,255.255.255.255,1,255.255.255.255:1,1,ssh
142,0.53378224,0.5071567,0.50844455,0.007284579,0.74233806,0.99967015,0.42297715,0,0.99985516,0.11647102,124,-0.01051659,0.000424649,255.255.255.255,1,255.255.255.255:1,1,ssh
143,0.11378163,0.25283217,0.31327534,0.004125174,0.29738104,0.9989377,0.6239802,0,0.99968386,0.02653861,124,-0.014095477,0.07871829,255.255.255.255,1,255.255.255.255:1,1,ssh
144,0.8947597,0.30681348,0.82796705,0.9051675,0.78417027,0.9998536,0.14511555,0.9999999,0.9998424,0.0211173,124,-0.014095477,0.07871829,255.255.255.255,1,255.255.255.255:1,1,ssh
145,0.18524581,0.48381984,0,0.67165655,0,0.99906266,0.83668154,1,0.9922943,0.07036477,124,-0.013833465,-0.006186586,255.255.255.255,1,255.255.255.255:1,1,ssh
146,0.95967513,0.25292873,0.994584,0.85250944,0.93770313,0.99980617,0,0.99450135,0.9931183,0.13753077,124,-0.013833465,-0.006186586,255.255.255.255,1,255.255.255.255:1,1,ssh
147,0.49590623,0.055904627,0.9770824,0.8922635,0.3091135,0.9999814,0,0.99999994,0.9981537,0.054539382,124,-0.015713902,0.052662216,255.255.255.255,1,255.255.255.255:1,1,ssh
148,0.40634915,0.10584408,0.81231356,0.4085385,0.3849861,0.9995419,0.09543422,0,0.9905319,0.1601148,124,-0.00176073,-0.047024179,255.255.255.255,1,255.255.255.255:1,1,ssh
149,0.6947636,0.23859727,0.6998792,0.2833112,0.82509536,0.9996344,0.23929217,0.003287077,0.99953413,0.006319612,124,-0.014043965,-0.086605892,255.255.255.255,1,255.255.255.255:1,1,ssh
150,0.6634397,0.2562437,0.6873209,0.25127771,0.8046324,0.9997026,0.25499907,0.001122147,0.9993782,0.005394638,124,-0.014043965,-0.086605892,255.255.255.255,1,255.255.255.255:1,1,ssh
151,0.7826306,0.2471534,0.68625456,0.52777255,0.8346238,0.9994583,0.24913046,0,0.9993024,0.005330354,124,-0.014043965,-0.086605892,255.255.255.255,1,255.255.255.255:1,1,ssh
152,0.96724916,0.45710516,0.94089395,0.90790266,0.9219151,0.9998841,0.10476655,0,0.9999718,0.11246589,124,0.001045541,-0.098194733,255.255.255.255,1,255.255.255.255:1,1,ssh
153,0.96184486,0.44899035,0.80313146,0.8887426,0.91209435,0.99981695,0.26506937,0,0.99995416,0.008470684,124,0.00016306,-0.018471882,255.255.255.255,1,255.255.255.255:1,1,ssh
154,0.89555025,0.23197007,0.9436183,0.79956365,0.8927743,0.9998459,0.11011636,1,0.9995289,0.009114265,124,-0.013606358,0.045330584,255.255.255.255,1,255.255.255.255:1,1,ssh
155,0.25150514,0.121358156,0,0.46056712,0.2081343,0.99844474,0.9999999,0,0.99025726,0.002897233,124,-0.013606358,0.045330584,255.255.255.255,1,255.255.255.255:1,1,ssh
156,0.25549293,0.6167206,0.80498135,0.000136137,0.3669666,0.9994465,0.25366408,0,0.99994946,0.017174035,124,-0.009581028,0.035392158,255.255.255.255,1,255.255.255.255:1,1,ssh
157,0.58387125,0.32724962,0.7248262,0.18735066,0.81248474,0.9995461,0.21570659,0.005082011,0.99985653,0.10521376,124,0.01455304,-0.079789147,255.255.255.255,1,255.255.255.255:1,1,ssh
158,0.4785963,0.3306189,0.76788604,0.010673754,0.775965,0.99907434,0.18372375,0,0.9997569,0.105523646,124,0.01455304,-0.079789147,255.255.255.255,1,255.255.255.255:1,1,ssh
159,0.67804825,0.6594863,0.49133515,0.34492126,0.77854824,0.9998061,0.48849493,0,0.9983101,0.013925731,124,-0.012207303,-0.09216056,255.255.255.255,1,255.255.255.255:1,1,ssh
160,0.36034948,0.23661363,0.7047003,0.8606066,0.17755508,0.99994165,0.23148161,1,0.9942932,0.027887642,124,-0.00618851,-0.018073868,255.255.255.255,1,255.255.255.255:1,1,ssh
161,0.69631994,0.8425597,0.49455732,0.58351594,0.7177664,0.9999115,0.53729737,0,0.993103,0.038067818,124,-0.00618851,-0.018073868,255.255.255.255,1,255.255.255.255:1,1,ssh
162,0.5321679,0.54251826,0.782637,0.41280213,0.5490891,0.9995072,0.2826159,0.003022611,0.99930954,0.00463751,124,0.021213796,-0.002789543,255.255.255.255,1,255.255.255.255:1,1,ssh
163,0.61646956,0.59101844,0.632408,0.16260746,0.80164653,0.99968684,0.440885,0,0.99957466,0.014021337,124,0.021213796,-0.002789543,255.255.255.255,1,255.255.255.255:1,1,ssh
164,0.56763947,0.5164926,0.89496124,0.84111243,0.36887836,0.9994069,0.19317126,0,0.9998729,0.01647225,124,-0.003693325,0.012618397,255.255.255.255,1,255.255.255.255:1,1,ssh
165,0.9775593,0,0.6352302,1,0.86292505,0,0,0,1,0,124,0.01515192,0.038132761,255.255.255.255,1,255.255.255.255:1,1,ssh
166,0.28991872,0,0.44950473,0.9166163,0.121930264,0.9997691,0.5048256,1,0.9992523,0,124,-0.004967746,0.04223758,255.255.255.255,1,255.255.255.255:1,1,ssh
167,0.72334313,0.48440522,0.40575868,0.6734498,0.7133112,0.999538,0.67836344,0,0.9919281,0.001813591,124,-0.011122605,0.066155061,255.255.255.255,1,255.255.255.255:1,1,ssh
168,0.7753733,0.6768948,0.7268276,0.9158198,0.610125,0.9998297,0.3580985,0,0.99995,0.027276427,124,-0.001711093,0.083930545,255.255.255.255,1,255.255.255.255:1,1,ssh
169,0.49942246,0.14949787,0.98174095,0.99854267,0.21334127,0.9312744,0.066271186,0.9939903,0.99853516,0.006899655,124,-0.024467556,0.071872748,255.255.255.255,1,255.255.255.255:1,1,ssh
170,0.5358235,0.28159696,0.6512192,0.6432308,0.4257102,0.9993892,0.32940993,0,0.9999372,0.091498226,124,-0.026071105,0.015885448,255.255.255.255,1,255.255.255.255:1,1,ssh
171,0.83921313,0.32223713,0.6397295,0.8087443,0.77256393,0.99939775,0.42478913,0,0.9994602,0,124,0.006100073,-0.061007649,255.255.255.255,1,255.255.255.255:1,1,ssh
172,0.4585116,0.1409753,0.64411485,0.48919138,0.41820353,0.99960256,0.32906857,0,0.99989283,0.008613676,149,0.001139956,-0.071981087,255.255.255.255,1,255.255.255.255:1,1,ssh
173,0.13304444,0.24729377,0.68620694,0.022714987,0.36096573,0.9989759,0.31574824,0,0.9998995,0.018748969,149,0.00778641,0.035716277,255.255.255.255,1,255.255.255.255:1,1,ssh
174,0,0.16410303,0.74276006,0.5692168,0,0.9992726,0.21966648,0,0,0.029754281,149,-0.013018491,0.018056536,255.255.255.255,1,255.255.255.255:1,1,ssh
175,0.7895861,0.64692783,0.55677617,0.74299747,0.72753775,0.99987835,0.60244924,0,0.99523926,0.012502581,149,-0.008133733,-0.043476883,255.255.255.255,1,255.255.255.255:1,1,ssh
176,0.43154985,0.21960515,0.31836748,0.31770837,0.508892,0.9997473,0.31583086,0,0.99995136,0.031871945,149,0.012905262,-0.049593225,255.255.255.255,1,255.255.255.255:1,1,ssh
177,0.50933635,0.19573766,0.3656931,0.32785589,0.61208546,0.9997487,0.36284417,0,0.99843407,0.07037172,149,0.008775044,-0.012454938,255.255.255.255,1,255.255.255.255:1,1,ssh
178,0.82676184,0.2426281,0.7525072,0.98716813,0.65262556,0.99942356,0.16255504,0,0.99994826,0.24178168,149,0.002460137,-0.012748226,255.255.255.255,1,255.255.255.255:1,1,ssh
179,0.675764,0.22039628,0.7712275,0.87838227,0.50115675,0.9998524,0.23238045,0,0.99999166,0.007888466,149,-0.027760452,0.075606868,255.255.255.255,1,255.255.255.255:1,1,ssh
180,0.70387375,0.38287997,0.77624947,0.9993443,0.5185756,0.9998163,0.23234165,0.9999999,0.9995775,0.018493444,149,-0.02815273,0.097275794,255.255.255.255,1,255.255.255.255:1,1,ssh
181,0.55995715,0.56842184,0.7140047,0.19531643,0.7018836,0.999178,0.30471152,0,0.993598,0.012315571,149,-0.02815273,0.097275794,255.255.255.255,1,255.255.255.255:1,1,ssh
182,0.4224975,0.35476357,0.6187663,0.9979569,0.0825724,0.9995157,0.27743894,0,0.9999926,0.20684113,149,-0.038250949,0.020004721,255.255.255.255,1,255.255.255.255:1,1,ssh
183,0.38756555,0.1572305,0.70441496,0.26213884,0.5054634,0.9998883,0.20574516,0.99130714,0.99884796,0.013483018,149,-0.006186298,-0.088459745,255.255.255.255,1,255.255.255.255:1,1,ssh
184,0.585143,0.68303096,0.5842706,0.92515206,0.38956335,0.9999928,0.3331036,1,0.9975357,0.21995091,149,-0.006186298,-0.088459745,255.255.255.255,1,255.255.255.255:1,1,ssh
185,0.66482306,0.2091291,0.76585346,0.2984949,0.78009945,0.9998505,0.19822538,0,0.99998635,0.03632629,149,0.023590155,-0.033699073,255.255.255.255,1,255.255.255.255:1,1,ssh
186,0.735494,0.32237422,0.002949834,0.6449249,0.71008694,0.9992966,0.99999994,0,0.99988806,0.012613893,149,-0.024613552,0.045424849,255.255.255.255,1,255.255.255.255:1,1,ssh
187,0.8639411,0.39711022,0.6972965,0.9478501,0.69399345,0.9998369,0.3759159,0,0.9974518,0.007030278,149,-0.003386165,-0.030495241,255.255.255.255,1,255.255.255.255:1,1,ssh
188,0.16884026,1,0.39464647,0.83520037,0.07046491,0.9999957,0.99999994,1,1,0,149,-0.032449238,-0.064629093,255.255.255.255,1,255.255.255.255:1,1,ssh
189,0.92646015,0.16726267,0.74640894,0.9570143,0.7845501,0.9997116,0.18563521,0,0.9995041,0.2245046,149,-0.021769639,-0.073284633,255.255.255.255,1,255.255.255.255:1,1,ssh
190,0.92734313,0.28194892,0.6698939,0.93598455,0.8171712,0.99987847,0.2926243,0,0.9999485,0.00343442,149,-0.005246418,-0.040633526,255.255.255.255,1,255.255.255.255:1,1,ssh
191,0.33172625,0.17930043,0.80922693,0,0.7542124,0.9996482,0.17496878,0,0.9995756,0.08977276,149,-0.00914658,0.078097031,255.255.255.255,1,255.255.255.255:1,1,ssh
192,0.38282204,0.11531669,0.7555097,0.26043814,0.6449673,0.9996997,0.19843715,0.009180009,0.9991493,0.087825716,149,-0.00914658,0.078097031,255.255.255.255,1,255.255.255.255:1,1,ssh
193,0.07310411,0.1625458,0.6122217,0,0.10997057,0.9988125,0.3303284,0,0.9999319,0.004580796,149,-0.025605828,0.09858188,255.255.255.255,1,255.255.255.255:1,1,ssh
194,0.72738457,0.24256599,0.7053815,0.7456114,0.63274336,0.9997732,0.23243761,0,0.99996096,0.017476171,149,-0.026107686,0.08722271,255.255.255.255,1,255.255.255.255:1,1,ssh
195,0.3950222,0.17746091,0.68867075,0.52222425,0.2992575,0.9996289,0.34163135,0,0.9999649,0.004887492,149,-0.012887762,0.029347463,255.255.255.255,1,255.255.255.255:1,1,ssh
196,0.44947675,0.23518407,0.32078195,0.7674273,0.43717074,0.9991707,0.64260834,0,0.9999486,0.006664157,149,-0.011587785,0.018913692,255.255.255.255,1,255.255.255.255:1,1,ssh
197,0,0.17594081,0.7270726,0.009909427,0,0.99955004,0.2666915,0,0.99928665,0.2234598,149,0.008344407,-0.012135241,255.255.255.255,1,255.255.255.255:1,1,ssh
198,0.82211053,1,0,0.86169344,0.6424893,0.9999997,1,1,0.99999994,0,149,-0.024308026,-0.076399028,255.255.255.255,1,255.255.255.255:1,1,ssh
199,0.70501745,0.29651737,0.51830304,0.52182907,0.71492225,0.9998171,0.49926937,0,0.99998176,0.014697284,149,-0.025003865,0.05035533,255.255.255.255,1,255.255.255.255:1,1,ssh
200,0.7937774,0.22763884,0.68754613,0.7148059,0.7588575,0.9996563,0.34127605,0,0.9999621,0.012436986,149,0.000195013,0.046246059,255.255.255.255,1,255.255.255.255:1,1,ssh
201,0.34981993,0.40382552,0.49122703,0.23328345,0.5129409,0.99987537,0.5742703,0,0.9997759,0.010922909,149,-0.046264991,-0.088250726,255.255.255.255,1,255.255.255.255:1,1,ssh
202,0.50960815,0.36371487,0.48337245,0.21938749,0.6579294,0.99992687,0.6492848,0,0.99994326,0.07979834,149,-0.019975925,0.072601289,255.255.255.255,1,255.255.255.255:1,1,ssh
203,0.96759915,0.46636724,0.71640813,0.8560904,0.9213226,0.9997908,0.29295444,0,0.9980469,0.039506555,149,0.001891844,0.086491182,255.255.255.255,1,255.255.255.255:1,1,ssh
204,0.29474348,0.45113397,0.9192002,0.9685673,0,0.99993867,0.1379165,1,0.9993744,0.03544742,149,0.001891844,0.086491182,255.255.255.255,1,255.255.255.255:1,1,ssh
205,0.81229305,0.2056812,0.3820734,0.8772274,0.70474803,0.99955165,0.68137926,0,0.99996084,0.024846703,149,0.018709606,0.087263905,255.255.255.255,1,255.255.255.255:1,1,ssh
206,0.9846784,0.19727749,0.77564824,0.82839644,0.946853,0.99961734,0.16711956,0,0.9999519,0.046949327,149,0.003900491,0.021064192,255.255.255.255,1,255.255.255.255:1,1,ssh
207,0.55167353,0.12481874,0.3527348,0.5454382,0.67024547,0.9995011,0.36970806,0,0.99764633,0.011953533,149,-0.012372666,-0.00706897,255.255.255.255,1,255.255.255.255:1,1,ssh
208,0.79753673,1,0,0.8516986,0.6230147,0.9997275,1,0.99999994,0.99999964,0,174,0.017938467,0.04669188,255.255.255.255,1,255.255.255.255:1,1,ssh
209,0.9819988,0.42319703,0.7981485,0.90491045,0.9318044,0.9993699,0.24688435,0,0.9949951,0.11665544,174,-0.020900257,-0.016991686,255.255.255.255,1,255.255.255.255:1,1,ssh
210,0.58209884,0.4730736,0.3662622,0.28531894,0.7329006,0.9998541,0.6611176,0,0.9979172,0.006455302,174,-0.033061251,-0.019937038,255.255.255.255,1,255.255.255.255:1,1,ssh
211,0.6044406,0.34026062,0.82316375,0.85181177,0.4019553,0.99974775,0.19634855,0,0.9999711,0.010939926,174,-0.003191753,0.061728649,255.255.255.255,1,255.255.255.255:1,1,ssh
212,0.7497845,0.45244122,0.51947564,0.39381346,0.8501666,0.99971515,0.4454438,0,0.9971237,0.21284077,174,-0.013356844,0.086388737,255.255.255.255,1,255.255.255.255:1,1,ssh
213,0.4417928,0.40397328,0.74618465,0.8989668,0.14442581,0.999749,0.26558954,0,0.99998003,0.19401364,174,-0.013224168,-0.046544269,255.255.255.255,1,255.255.255.255:1,1,ssh
214,0.980624,0.33348015,0.7555182,0.81233114,0.9505991,0.99978405,0.2910273,0,0.99365234,0.01711896,174,-0.020638267,-0.042037919,255.255.255.255,1,255.255.255.255:1,1,ssh
215,1,0.33973938,0.82707715,0.77670085,1,0.9999058,0.24571562,0,0.99765015,0.011575758,174,-0.013725036,0.043834023,255.255.255.255,1,255.255.255.255:1,1,ssh
216,0.048546582,0.26603812,0.5981492,0.005681848,0.23557684,0.9999316,0.43912256,0.000731997,0.996994,0.007842004,174,-0.013725036,0.043834023,255.255.255.255,1,255.255.255.255:1,1,ssh
217,0.07528478,0.35269737,0.76093954,0.002236742,0.3254818,0.9996535,0.18823385,0,0.9997673,0.078216106,174,-0.014373336,0.090732254,255.255.255.255,1,255.255.255.255:1,1,ssh
218,0.9355339,0.22286677,0.75234306,0.92099327,0.85459054,0.9998993,0.2518144,0,0.99868774,0.096339494,174,-0.018299388,0.010190614,255.255.255.255,1,255.255.255.255:1,1,ssh
219,0.617425,0.3034651,0.48149443,0.86470634,0.4221482,0.99986124,0.33104798,0,0.99999064,0.00541237,174,-0.025790671,0.061099842,255.255.255.255,1,255.255.255.255:1,1,ssh
220,0.9372008,0.95778096,0.8250501,0.99967104,0.76198506,0.041295536,0.3778476,1,0.99999994,0.021933675,174,-0.028031824,0.080027595,255.255.255.255,1,255.255.255.255:1,1,ssh
221,0.6966264,0.27409875,0.5434022,0.87182134,0.5385575,0.99988884,0.44148117,0,0.99999356,0.019895881,174,-0.028031824,0.080027595,255.255.255.255,1,255.255.255.255:1,1,ssh
222,0.5096303,0.42336023,0.026488066,0.8523938,0.30670783,0.9999634,0.7434157,1,0.9999973,0.004926384,174,0.003260309,0.073266663,255.255.255.255,1,255.255.255.255:1,1,ssh
223,0.57759064,0.6788366,0.22903132,0.0051785,0.8435172,0.99964094,0.68237233,0,0.9999719,0.013759732,174,0.003260309,0.073266663,255.255.255.255,1,255.255.255.255:1,1,ssh
224,0.5104615,0.39749348,0.2763009,0.2681294,0.67259943,0.99960095,0.6012683,0.003298134,0.99946976,0.022057444,174,-0.018772375,0.047725618,255.255.255.255,1,255.255.255.255:1,1,ssh
225,0.9769028,0.37338364,0.40164495,0.8323287,0.9409846,0.9998483,0.5018048,0,0.99979067,0.020588696,174,-0.018772375,0.047725618,255.255.255.255,1,255.255.255.255:1,1,ssh
226,0.75872916,0.4254341,0.46730018,0.87111247,0.644935,0.9997063,0.43499458,0.003693402,0.9996929,0.018504322,174,-0.018772375,0.047725618,255.255.255.255,1,255.255.255.255:1,1,ssh
227,0.48767796,0.630456,0.6410967,0.9194382,0.27822632,0.99953157,0.3061009,0,0.9999866,0.2096259,174,0.024656082,0.001614457,255.255.255.255,1,255.255.255.255:1,1,ssh
228,0.67857933,0.14806187,0.7778895,0.8855518,0.589128,0.9999801,0.15812829,0.99999994,0.9982147,0.17146434,174,-0.021639509,0.017977946,255.255.255.255,1,255.255.255.255:1,1,ssh
229,0.8170018,0.46478307,0.63997257,0.9748175,0.6961438,0.9998671,0.36092594,0,0.9984131,0.1778769,174,-0.021639509,0.017977946,255.255.255.255,1,255.255.255.255:1,1,ssh
230,0.6032846,0.6317153,0.4709617,0.8481998,0.51649946,0.999868,0.5717116,0,0.99035645,0.008285791,174,-0.034228608,-0.000371675,255.255.255.255,1,255.255.255.255:1,1,ssh
231,0.64573777,0.02384162,0.59715307,0.9118302,0.52493817,0.9999973,0.33663303,1,0.99798584,0.005934954,174,-0.034228608,-0.000371675,255.255.255.255,1,255.255.255.255:1,1,ssh
232,0.67385525,0.45919478,0.6817587,0.87195987,0.5846928,0.9998041,0.30000854,0,0.9999809,0.23952365,174,-0.011308759,0.040004872,255.255.255.255,1,255.255.255.255:1,1,ssh
233,1,0.45259416,1,0.8316586,0.99999994,0.9999606,0,0.99629617,0.99999964,0.23470455,174,-0.011308759,0.040004872,255.255.255.255,1,255.255.255.255:1,1,ssh
234,0.45839015,1,0.1620673,0.79834646,0.15805587,0.99998784,0.9868301,1,1,0,174,-0.000999404,0.067608774,255.255.255.255,1,255.255.255.255:1,1,ssh
235,0.99804723,0.35756022,0.7689359,0.8233894,0.99444383,0.99977624,0.2708357,0,0.9998617,0.08674747,174,-0.030193098,0.035824787,255.255.255.255,1,255.255.255.255:1,1,ssh
236,0.43987268,1,0,0.8134825,0.053150147,0.9999999,0.99999994,1.0000001,1,0,174,-0.019941276,-0.013874787,255.255.255.255,1,255.255.255.255:1,1,ssh
237,0.5340187,0.4836834,0.38978076,0.24378012,0.74925023,0.99985117,0.4355204,0,0.99998724,0.017600358,174,-0.026896026,-0.019408545,255.255.255.255,1,255.255.255.255:1,1,ssh
238,0.13656107,0.38485342,0.67498606,0.3909964,0.041992918,0.9997609,0.296241,0.9999999,0.9999901,0,174,-0.012418212,0.004460784,255.255.255.255,1,255.255.255.255:1,1,ssh
239,0.82220364,0.56098527,0.5941896,0.9631994,0.64943415,0.99948436,0.44147867,0,0.9999435,0.019780666,174,-0.012418212,0.004460784,255.255.255.255,1,255.255.255.255:1,1,ssh
240,0.76511586,0.37581807,0.6400508,0.99683803,0.5418912,0.99995726,0.3388111,0.9919443,0.9999913,0.00753817,174,-0.012418212,0.004460784,255.255.255.255,1,255.255.255.255:1,1,ssh
241,0.5999481,0.48509967,0.9040333,0.2433835,0.72418505,0.9999865,0.049037516,0.992226,0.9999981,0.016083896,174,0.002638137,-0.011571009,255.255.255.255,1,255.255.255.255:1,1,ssh
242,0.6145454,0.5901617,0.7118069,0.5339641,0.5801468,0.9998261,0.28653747,0,0.9999517,0.010294467,174,0.002638137,-0.011571009,255.255.255.255,1,255.255.255.255:1,1,ssh
243,0.5103223,1,0,0.7955595,0.17813087,0.99999356,1,1,1,0.04671835,174,-0.014888758,0.034272131,255.255.255.255,1,255.255.255.255:1,1,ssh
244,0.56372356,0.460993,0.5570359,0.5772402,0.5389421,0.9997098,0.336385,0,0.9999441,0.005607635,174,0.004041526,0.093105875,255.255.255.255,1,255.255.255.255:1,1,ssh
245,0.063694626,0.14326793,0,0.013678761,0.3028257,0.9999486,0.9554595,1,0.99890137,0.09902555,174,-0.009849131,0.096700318,255.255.255.255,1,255.255.255.255:1,1,ssh
246,0.7997267,0.53745717,0.3298869,0.9360451,0.6641911,0.99962956,0.6039657,0,0.99884987,0.003796369,174,-0.008455047,0.0312154,255.255.255.255,1,255.255.255.255:1,1,ssh
247,0.61186635,1,0,0.73475224,0.49486247,0.99992704,0.99999994,1,1,0,174,-0.027451275,-0.033961695,255.255.255.255,1,255.255.255.255:1,1,ssh
248,0.703458,0.27889496,0.74627507,0.59222025,0.6925557,0.99978656,0.28440917,0,0.9997997,0.005032629,174,-0.000703486,0.077227853,255.255.255.255,1,255.255.255.255:1,1,ssh
249,0.45710588,0.39918905,0.69336134,0.24963059,0.6080076,0.99964064,0.33885473,0.009862125,0.9999591,0.006680638,174,-0.003559291,-0.098657645,255.255.255.255,1,255.255.255.255:1,1,ssh
250,0.46210426,0.3357944,0.76647514,0.5511927,0.458946,0.9996155,0.24645984,0,0.9999089,0.00881815,174,-0.003559291,-0.098657645,255.255.255.255,1,255.255.255.255:1,1,ssh
251,0.12992015,0.22286886,0.6286886,0.032684196,0.21166843,0.99902874,0.42224222,0,0.999459,0.032267928,174,-0.017247679,0.035867114,255.255.255.255,1,255.255.255.255:1,1,ssh
252,0.31974885,0.4005072,0,0.3006179,0.31770885,0.9996743,0.99999994,1.0000001,0.99676514,0.023438752,174,-0.014711063,0.01262782,255.255.255.255,1,255.255.255.255:1,1,ssh
253,0.4622333,0.641051,0.4881252,0.36110538,0.5577757,0.9997123,0.4681095,0,0.99191284,0.23630165,174,-0.031615086,-0.03221174,255.255.255.255,1,255.255.255.255:1,1,ssh
254,0.7105839,0.14581823,0.71007615,0.87824047,0.6015886,0.99998957,0.25376636,1,0.99942017,0.022178859,174,0.014912566,-0.080814362,255.255.255.255,1,255.255.255.255:1,1,ssh
255,0.38706416,0.4194771,0.52450365,0.6948536,0.35996145,0.99983364,0.51426065,0,0.9959564,0.018608391,174,0.014912566,-0.080814362,255.255.255.255,1,255.255.255.255:1,1,ssh
256,0.8216081,0.016186833,0.8439534,0.9467974,0.67572767,0.999999,0.041266322,1.0000001,0.9958496,0.010800898,174,-0.000203576,-0.00202988,255.255.255.255,1,255.255.255.255:1,1,ssh
257,0.8295924,0.03986591,0.8613943,1,0.622867,0.9999718,0.02851224,1,0.9926758,0.011376679,174,0.014831097,0.031459276,255.255.255.255,1,255.255.255.255:1,1,ssh
258,0.6146529,0.09297979,0.29434657,1.0000001,0.38401568,0.9999828,0.44882083,0.998251,0.99987507,0.018018842,174,-0.016072959,0.086650856,255.255.255.255,1,255.255.255.255:1,1,ssh
259,0.27340162,0.18214011,0.088107824,0.44932237,0.22897755,0.999665,0.66427803,1,0.99606323,0.017745852,174,-0.016072959,0.086650856,255.255.255.255,1,255.255.255.255:1,1,ssh
260,0.44509038,0.7555579,0.18747163,0.2846001,0.53574044,0.99964184,0.7401495,0,0.99842453,0.01693827,174,-0.016072959,0.086650856,255.255.255.255,1,255.255.255.255:1,1,ssh
261,0.6857384,0.3220474,0.6879982,0.9114549,0.5585964,0.9998867,0.299736,0,0.99697876,0.17480147,174,-0.006411362,0.03151061,255.255.255.255,1,255.255.255.255:1,1,ssh
262,0.3823745,0.55718446,0.77083427,0.35837248,0.42134076,0.9996054,0.2577899,0,0.9999012,0.010613978,174,0.006637902,0.067752205,255.255.255.255,1,255.255.255.255:1,1,ssh
263,0.73952615,0.378129,0.67717004,0.8892905,0.61665404,0.99993724,0.31939125,0,0.9999964,0.00583759,174,-0.002213207,-0.075787947,255.255.255.255,1,255.255.255.255:1,1,ssh
264,0.67576325,0.17146397,0.814602,0.9419318,0.53362584,0.99998647,0.13006675,0.99836165,0.9999984,0.023927867,174,-0.002213207,-0.075787947,255.255.255.255,1,255.255.255.255:1,1,ssh
265,0.63558185,0.14427352,0.87490165,0.8269908,0.5449025,0.99998647,0.054968953,1,0.9999964,0.022551954,174,-0.002213207,-0.075787947,255.255.255.255,1,255.255.255.255:1,1,ssh
266,0.5181511,0.2963767,0.7122865,0.2489849,0.6168724,0.9999083,0.33291018,0,0.99980354,0.035081446,174,-0.019302215,-0.078908518,255.255.255.255,1,255.255.255.255:1,1,ssh
267,0.5861546,0.24974614,0.6076491,0.6626873,0.47195977,0.99992967,0.31253022,0,0.9999889,0.019474268,174,-0.025197761,-0.037602898,255.255.255.255,1,255.255.255.255:1,1,ssh
268,0.778217,0.29615736,0.7316733,0.95542824,0.6294445,0.9998809,0.3282529,0,0.99742126,0.016774714,174,-0.030435544,0.05505573,255.255.255.255,1,255.255.255.255:1,1,ssh
269,0,0.19473466,0.5331389,0,0,0.99989396,0.3962006,1,0.9989624,0.005836099,174,-0.020192351,0.087121077,255.255.255.255,1,255.255.255.255:1,1,ssh
270,0.70373416,0.43008035,0.6839659,0.88530207,0.52709246,0.99971765,0.3294315,0,0.9988518,0.020530969,174,-0.005666947,0.009273854,255.255.255.255,1,255.255.255.255:1,1,ssh
271,0.9391789,0.31366867,0.9254426,0.88664573,0.85941327,0.9998253,0.08408469,1.0000001,0.99773026,0.025313646,174,-0.005666947,0.009273854,255.255.255.255,1,255.255.255.255:1,1,ssh
272,0.30014032,0.7105067,0.39186597,0.02324275,0.40960866,0.99985176,0.69811505,0,0.9998479,0.009445608,174,-0.021929912,-0.025657667,255.255.255.255,1,255.255.255.255:1,1,ssh
273,0.806942,0.26654196,0.65375996,0.9670434,0.6398264,0.9998631,0.31467682,1,0.99985075,0.009907723,174,-0.021929912,-0.025657667,255.255.255.255,1,255.255.255.255:1,1,ssh
274,0.53258765,0.36211407,0.575684,0.22712046,0.6135228,0.99998087,0.41000104,0,0.99998045,0.005821824,174,-0.025759049,0.041910715,255.255.255.255,1,255.255.255.255:1,1,ssh
275,0.62496245,0.3377527,0.49624634,0.7468683,0.53155243,0.9998071,0.6112458,0,0.9927063,0.02981478,174,-0.024626175,0.077971108,255.255.255.255,1,255.255.255.255:1,1,ssh
276,0.5320374,0.33497512,0.5717864,0.30255407,0.5986632,0.99983305,0.42827857,0,0.9999589,0.067962885,174,-0.038227208,0.033696949,255.255.255.255,1,255.255.255.255:1,1,ssh
277,0.8701075,0.20982587,0.90428686,0.915557,0.7461949,0.99984294,0.08556336,1,0.99994683,0.07056707,174,-0.038227208,0.033696949,255.255.255.255,1,255.255.255.255:1,1,ssh
278,0.6947441,0.5802249,0.39214563,0.9109844,0.5524461,0.999865,0.65876997,0,0.9999912,0.009926766,174,-0.024229458,0.015882356,255.255.255.255,1,255.255.255.255:1,1,ssh
279,0.98035,0.25335717,0.9295447,0.86873823,0.9428435,0.99967694,0.057058483,1,0.99982643,0.2098799,174,-0.01381317,0.070149936,255.255.255.255,1,255.255.255.255:1,1,ssh
280,0.63106835,0.3455702,0.67768836,0.6925789,0.52738106,0.99955726,0.28974587,0,0.9986496,0.21291807,174,-0.01381317,0.070149936,255.255.255.255,1,255.255.255.255:1,1,ssh
281,0.77730286,0.21384537,0.33486056,1,0.57243353,0.99993825,0.63420784,1,0.9998212,0.014091432,174,-0.010145892,0.057214759,255.255.255.255,1,255.255.255.255:1,1,ssh
282,0.28411475,0.37722588,0.3616948,0.8502182,0,0.999784,0.63903606,0,0.99980307,0.016186327,174,-0.010145892,0.057214759,255.255.255.255,1,255.255.255.255:1,1,ssh
283,0.9180373,0.11446154,0.15111947,0.8808894,0.8374353,0.99974746,0.609399,0,0.99599457,0.01182884,174,-0.013336185,0.067266718,255.255.255.255,1,255.255.255.255:1,1,ssh
284,0.9087473,0.34170753,0.34121215,0.95425093,0.83449495,0.99982893,0.5626208,0,0.99971104,0.010403514,174,0.004187583,0.02470807,255.255.255.255,1,255.255.255.255:1,1,ssh
285,0.6747004,0.3174203,0.6253352,0.93738896,0.5133239,0.99989235,0.34334683,0.99999994,0.9939194,0.21717389,174,-0.017496025,0.090905569,255.255.255.255,1,255.255.255.255:1,1,ssh
286,0.4312769,0.21913671,0.67934644,0.48169428,0.432253,0.9996294,0.23576146,0,0.9982033,0.061663896,174,-0.009163376,0.018230332,255.255.255.255,1,255.255.255.255:1,1,ssh
287,0.43638128,0.23640156,0.46465617,0.007754656,0.58341056,0.9993794,0.4316151,0,0.99855566,0.123268306,174,-0.013710237,-0.008054996,255.255.255.255,1,255.255.255.255:1,1,ssh
288,0.50861394,0.31405842,0.2098068,0.008515543,0.792686,0.9995106,0.750201,0,0.99833107,0.017353386,174,-0.006731536,-0.091020621,255.255.255.255,1,255.255.255.255:1,1,ssh
289,0.4344802,0.4392103,0.6283184,0.9962403,0.16626872,0.99993557,0.41278374,1,0.99993134,0.006363928,174,-0.006731536,-0.091020621,255.255.255.255,1,255.255.255.255:1,1,ssh
290,0.8549459,0.29123658,0.5248511,0.8724831,0.7315022,0.99981874,0.31389686,0,0.99996746,0.24396946,174,-0.019064821,0.099115118,255.255.255.255,1,255.255.255.255:1,1,ssh
291,1,0.440081,0.93132246,0.79565865,1,0.99991834,0.11421454,0.004787117,0.9999418,0.020951182,174,-0.010479705,-0.081631221,255.255.255.255,1,255.255.255.255:1,1,ssh
292,0.67439854,0.39499855,0.7294811,0.9008085,0.51480234,0.9998218,0.31747532,0,0.9997673,0.026579887,174,-0.010479705,-0.081631221,255.255.255.255,1,255.255.255.255:1,1,ssh
293,0.6812914,0.99999994,0.55205196,0.98892456,0.5403837,0.0685768,0.87733996,0,1,0.009556025,199,-0.010796872,-0.004540579,255.255.255.255,1,255.255.255.255:1,1,ssh
294,0.17806083,0.7450433,0.36710048,0.7615185,0,0.008948321,0.82575274,0,1,0.01363048,199,-0.044252962,-0.033911821,255.255.255.255,1,255.255.255.255:1,1,ssh
295,0.7064905,0.070313096,0.91603565,0.26798242,0.8419122,0.9999261,0.035857856,0.9948397,0.9999604,0.024239808,199,-0.044252962,-0.033911821,255.255.255.255,1,255.255.255.255:1,1,ssh
296,0.4188503,1,0.5621667,0.99826443,0,0.0407791,0.84003025,0,1,0.057458907,199,0.003078726,0.005818718,255.255.255.255,1,255.255.255.255:1,1,ssh
297,0.91555405,0.39753258,0,0.94097036,0.8285867,0.99944735,1,0,0.9999164,0.09948975,199,-0.030798446,-0.039456684,255.255.255.255,1,255.255.255.255:1,1,ssh
298,0.7017559,0.34693685,0.56525767,0.9258099,0.55966455,0.99979234,0.3744421,0,0.99997616,0.22444381,199,-0.016798399,-0.045801155,255.255.255.255,1,255.255.255.255:1,1,ssh
299,0.8823061,1,0.63243353,1,0.7489658,0.04113353,0.6074683,0,0.99999994,0.24604522,199,-0.0042445,-0.072865345,255.255.255.255,1,255.255.255.255:1,1,ssh
300,0.8561561,0.34526902,0.6854935,0.98624027,0.71129495,0.99966735,0.26476026,0,0.9999592,0.22610863,199,-0.000802776,-0.068061173,255.255.255.255,1,255.255.255.255:1,1,ssh
301,0.7764704,0.3161193,0.31963825,0.8188379,0.6634014,0.99921846,0.41254792,0,0.99894905,0.025195003,199,0.004055028,-0.075764269,255.255.255.255,1,255.255.255.255:1,1,ssh
302,0.29716414,0.17383099,0.5477424,0.15390445,0.33481407,0.99998236,0.30846587,0,0.99871826,0.2047658,199,-0.012527118,-0.069967188,255.255.255.255,1,255.255.255.255:1,1,ssh
303,0.26099563,0.48198724,0.39548397,0.03683926,0.61524034,0.99986076,0.48076665,0,0.99971867,0.013522059,199,-0.013389878,0.029724564,255.255.255.255,1,255.255.255.255:1,1,ssh
304,0.9163964,0.30745578,0.6015074,0.81750524,0.86695004,0.99995524,0.40955192,0,0.9999919,0.000761002,199,-0.002924475,-0.004137772,255.255.255.255,1,255.255.255.255:1,1,ssh
305,0.9290926,0.33845764,0.53287804,0.95054907,0.8262947,0.9999132,0.3479005,0,0.99554443,0.006728023,199,-0.011704254,0.058026489,255.255.255.255,1,255.255.255.255:1,1,ssh
306,0.8456403,0.6273782,0.7503455,0.95963997,0.69383097,0.9999605,0.26990896,0,0.999382,0.023650557,199,-0.005486697,0.087956347,255.255.255.255,1,255.255.255.255:1,1,ssh
307,0.96921015,0.4283762,0.80535114,0.88380533,0.9066478,0.9999709,0.18624511,0,0.9954834,0.020379603,199,-0.007077041,-0.016931556,255.255.255.255,1,255.255.255.255:1,1,ssh
308,0.6555954,0.24808782,0.6515082,0.7026874,0.578156,0.9997966,0.40491408,0,0.99987435,0.005353481,199,-0.023776121,-0.048793226,255.255.255.255,1,255.255.255.255:1,1,ssh
309,0.9941634,0.2161057,0.8957877,0.83990324,0.97646576,0.99993706,0.05403018,1,0.9999888,0.16633597,199,-0.020547228,0.081359252,255.255.255.255,1,255.255.255.255:1,1,ssh
310,0.4404257,0.85680413,0.26584697,0.25149417,0.49330756,0.999879,0.6767988,0,0.9998863,0.16132432,199,-0.020547228,0.081359252,255.255.255.255,1,255.255.255.255:1,1,ssh
311,0.93863225,0.26163238,0.54301286,0.92937255,0.8494273,0.99993247,0.48035735,0,0.99890137,0.013010323,199,-0.01165454,0.088998273,255.255.255.255,1,255.255.255.255:1,1,ssh
312,0.78056145,0.057005882,0.83082736,0.5093493,0.865926,0.9999115,0.13477409,1,0.9990845,0.009714693,199,-0.01165454,0.088998273,255.255.255.255,1,255.255.255.255:1,1,ssh
313,0.5540954,0.25274423,0.47443047,0.8693581,0.38232207,0.9999914,0.57696325,0,0.9999984,0.014605999,199,-0.011104742,-0.030269179,255.255.255.255,1,255.255.255.255:1,1,ssh
314,0.9523903,0.21611485,0.18350017,0.9059361,0.87395996,0.9999115,0.43842813,0,0.9999638,0.020945817,199,-0.021509072,-0.044965494,255.255.255.255,1,255.255.255.255:1,1,ssh
315,0.18856233,0.18123779,0.7123197,0.002667895,0.5254743,0.99991333,0.3394127,0,0.99729156,0.025182754,199,-0.014987107,-0.070532851,255.255.255.255,1,255.255.255.255:1,1,ssh
316,0.50124955,0.5518981,0.5410198,0.005665565,0.71108514,0.9998368,0.5004386,0,0.99956894,0.01513809,199,-0.009425253,-0.076795489,255.255.255.255,1,255.255.255.255:1,1,ssh
317,0.9186568,0.25073886,0.8578186,0.84188396,0.88374716,0.9998698,0.10453212,0.99999994,0.9996166,0.019159615,199,-0.009425253,-0.076795489,255.255.255.255,1,255.255.255.255:1,1,ssh
318,0.36564744,0.23426288,0.6093779,0.23195282,0.5937553,0.9998546,0.4191875,0,0.99994135,0.02000472,199,-0.006491943,-0.038920343,255.255.255.255,1,255.255.255.255:1,1,ssh
319,0.23281263,0.5100735,0.33086872,0.23064591,0.28272936,0.9999299,0.7563408,0,0.9998932,0.019590825,199,-0.001346643,-0.042377658,255.255.255.255,1,255.255.255.255:1,1,ssh
320,0.17801142,0.31698665,0.5783296,0.47701246,0.085130244,0.99994904,0.5254958,0,0.9999887,0.13236767,199,-0.009589886,-0.078291662,255.255.255.255,1,255.255.255.255:1,1,ssh
321,0.42245623,0.5264416,0.18058574,0.8027609,0.1845203,0.9998509,0.8776714,0,0.9995489,0.012337387,199,-0.013297938,-0.007572684,255.255.255.255,1,255.255.255.255:1,1,ssh
322,0.4729741,0.37998015,0.27665544,0.23101386,0.6650057,0.99995464,0.63676786,0,0.99999416,0.01972428,199,-0.009964595,0.049654558,255.255.255.255,1,255.255.255.255:1,1,ssh
323,0.98671377,0.17896837,0.84180284,0.8369804,0.9570781,0.9999873,0.15436465,0,0.9999901,0.006051928,199,-0.003864019,0.047412124,255.255.255.255,1,255.255.255.255:1,1,ssh
324,0.9352615,0.18530667,0.5822153,0.9246427,0.8441789,0.9999709,0.3773337,0.00936006,0.99998796,0.00319308,199,-0.003864019,0.047412124,255.255.255.255,1,255.255.255.255:1,1,ssh
325,0.5132538,0.26054126,0.6556274,0.012566979,0.7587559,0.99997616,0.34081027,0,0.9999996,0.008528113,199,-0.004247667,-0.05677788,255.255.255.255,1,255.255.255.255:1,1,ssh
326,0,0.35452998,0.07598376,0.025221605,0.079886064,0.99992794,0.76856524,0,0.9999509,0.017703384,199,-0.01546066,-0.065404385,255.255.255.255,1,255.255.255.255:1,1,ssh
327,0.8842654,1.0000002,0.63737476,0.87102073,0.8030536,0.99992406,0.4151472,0,0.9999354,0.03487426,199,-0.0180724,0.006387836,255.255.255.255,1,255.255.255.255:1,1,ssh
328,0.51704353,0.07872653,0.7484801,0.434251,0.50397563,0.99991107,0.22914085,0.99999994,0.9999852,0.040582478,199,-0.0180724,0.006387836,255.255.255.255,1,255.255.255.255:1,1,ssh
329,0.97164124,0.4856571,0.62254906,0.85783076,0.91707635,0.9999528,0.41870323,0,0.99997354,0.014237464,199,-0.011251272,0.027081437,255.255.255.255,1,255.255.255.255:1,1,ssh
330,0.19037145,0.6462226,0.5423008,0.029547846,0.38471556,0.9999554,0.53382397,0.001760989,0.99999535,0.014461547,199,-0.011251272,0.027081437,255.255.255.255,1,255.255.255.255:1,1,ssh
331,0.6618264,0.17515004,0.71812415,0.47618297,0.7321402,0.99995077,0.23117873,0.9999999,0.99999046,0.010558456,199,-0.011251272,0.027081437,255.255.255.255,1,255.255.255.255:1,1,ssh
332,0.92442715,0.3689258,0.73445153,0.9018042,0.8425342,0.9999096,0.23225409,0,0.99980974,0.17710793,199,-0.00652031,-0.018152947,255.255.255.255,1,255.255.255.255:1,1,ssh
333,0.998294,0.3724531,0.8178518,0.8072856,0.9880524,0.9999791,0.17272991,0.000382304,0.999897,0.17880642,199,-0.00652031,-0.018152947,255.255.255.255,1,255.255.255.255:1,1,ssh
334,0.85683435,0.119258046,0.8543335,0.9364443,0.75886375,0.9999449,0.09538552,1,0.99993443,0.18149048,199,-0.00652031,-0.018152947,255.255.255.255,1,255.255.255.255:1,1,ssh
335,0.9070888,0.19943678,0.856534,0.99999994,0.74532044,0.006471305,0.1928553,0,1,0.040527463,199,-0.012712039,-0.072295077,255.255.255.255,1,255.255.255.255:1,1,ssh
336,0.65663135,0.4633478,0.5698678,0.60213447,0.61376214,0.9998046,0.42079413,0,0.9993763,0.006230563,199,-0.014941971,-0.062813558,255.255.255.255,1,255.255.255.255:1,1,ssh
337,0,0.23003674,0.77480745,0.007822093,0,0.99999255,0.19575638,1,0.99999905,0.005897433,199,0.000678757,0.066977382,255.255.255.255,1,255.255.255.255:1,1,ssh
338,0.8839668,0.6813606,0.038463593,0.8979644,0.8003833,0.99993736,1,0,0.99991417,0.007423252,199,0.000678757,0.066977382,255.255.255.255,1,255.255.255.255:1,1,ssh
339,0.49922398,0.46440232,0.66641676,0.99999994,0.2695648,0.013025984,0.3192777,0,1,0.091483116,199,-0.016339663,0.069885217,255.255.255.255,1,255.255.255.255:1,1,ssh
340,0.56464726,0.19545662,0.604035,0.9287903,0.2936863,0,0.32714438,0,1,0,199,-0.015244006,-0.010185309,255.255.255.255,1,255.255.255.255:1,1,ssh
341,0.4560723,0.22254884,0.8031423,0.71276516,0.29829854,0,0.17567503,0,0.99999994,0.12220502,199,-0.002324074,-0.056580897,255.255.255.255,1,255.255.255.255:1,1,ssh
342,0.6095234,0.3795719,0.6555087,0.6750904,0.6024644,0.9996096,0.37837845,0,0.9998403,0.008991718,199,-0.00962827,0.007696252,255.255.255.255,1,255.255.255.255:1,1,ssh
343,0.970538,1,0.5313115,0.8826228,0.91988397,0.9996377,0.6232555,0,0.9999346,0.17154217,199,-0.015889151,-0.027296839,255.255.255.255,1,255.255.255.255:1,1,ssh
344,0.73513097,0.74691105,0.8500719,0.9871823,0.45942268,0.019045118,0.18404347,0,1,0,199,-0.014577492,0.074082427,255.255.255.255,1,255.255.255.255:1,1,ssh
345,0.62734425,0.9999999,0.21029541,0.8325303,0.35694152,0.9999981,1,1,1,0,199,-0.015902314,0.026501859,255.255.255.255,1,255.255.255.255:1,1,ssh
346,0.5771796,0.2577927,0.62637305,0.22608984,0.67663234,0.9999902,0.30148575,0,0.99993896,0.00263539,199,-0.009337696,-0.02671306,255.255.255.255,1,255.255.255.255:1,1,ssh
347,0.29173076,0.19112837,0.5999479,0.8495687,0.012107421,0.9999057,0.24442467,0,0.9999912,0.010751247,199,-0.000192143,-0.093368314,255.255.255.255,1,255.255.255.255:1,1,ssh
348,0.39642313,0.2066476,0.7030356,0.00281844,0.6966298,0.9999956,0.3114114,0,0.9970703,0.015608013,199,-0.003897055,0.033264548,255.255.255.255,1,255.255.255.255:1,1,ssh
349,0.5904345,0.33682668,0.5813122,0.24343237,0.7039191,0.9999801,0.41371363,0,0.9999914,0.23772727,199,0.00748538,0.090327188,255.255.255.255,1,255.255.255.255:1,1,ssh
350,0.85653734,0.3619023,0.4836167,0.964809,0.7264061,0.9998516,0.37864587,0.001267731,0.99991024,0.007229537,199,-0.01200973,0.019970436,255.255.255.255,1,255.255.255.255:1,1,ssh
351,0.21377763,0.4111188,0.5064944,0.12726264,0.39404535,0.9999782,0.38075247,0,0.9999857,0.007036179,199,-0.01200973,0.019970436,255.255.255.255,1,255.255.255.255:1,1,ssh
352,0.767405,0.060213685,0.66298425,0.9083093,0.61477023,0.999916,0.27250773,1,0.9999069,0.03309071,199,-0.011415111,-0.080007978,255.255.255.255,1,255.255.255.255:1,1,ssh
353,0.16115803,0.43409348,0.47628474,0.009458605,0.2681308,0.99998784,0.54317206,0,0.9999943,0.039149523,199,-0.011415111,-0.080007978,255.255.255.255,1,255.255.255.255:1,1,ssh
354,0.17714357,0.1753695,0,0.25621897,0.10398881,0.99999285,1.0000001,1.0000001,0.9998779,0.003434062,199,-0.013794491,-0.032673594,255.255.255.255,1,255.255.255.255:1,1,ssh
355,0.182958,1,0,0.73564976,0,1,1,1.0000001,1,0,199,-0.001972994,0.003215185,255.255.255.255,1,255.255.255.255:1,1,ssh
356,0.49087796,0.45952976,0.6983926,0.29232216,0.6119258,0.9999327,0.25178048,0,0.9999922,0.21824007,199,-0.009440082,0.049705435,255.255.255.255,1,255.255.255.255:1,1,ssh
357,0.33413732,0.4803114,0.5856275,0.02022697,0.44909588,0.99932003,0.3908628,0,0.9999465,0.011675924,199,-0.011329195,0.059440996,255.255.255.255,1,255.255.255.255:1,1,ssh
358,0.6007713,0.4507072,0.59561676,0.55350405,0.5546622,0.99987507,0.44344693,0,0.99998295,0.004505873,199,0.010445504,0.053661052,255.255.255.255,1,255.255.255.255:1,1,ssh
359,0.5593424,1.0000001,0,0.80521977,0.24547747,0.99998903,1,1,1,0,199,0.009299372,0.080117233,255.255.255.255,1,255.255.255.255:1,1,ssh
